ID	Description	GeneRatio	BgRatio	pvalue	p.adjust	qvalue	geneID	Count
GO:0036037	GO:0036037	CD8-positive, alpha-beta T cell activation	8/148	28/14983	1.97048023666524e-10	3.46367173022411e-07	2.87228955431121e-07	Lilrb4a/Lilrb4a/Wdfy4/Nckap1l/Runx1/Clec4a1/Clec4a3/Clec4a2	8
GO:0046631	GO:0046631	alpha-beta T cell activation	14/148	152/14983	3.06248605678524e-10	3.46367173022411e-07	2.87228955431121e-07	Cd28/Slamf6/Lilrb4a/Lilrb4a/Dock2/Nlrp3/Wdfy4/Nckap1l/Runx1/Rasal3/Tcirg1/Clec4a1/Clec4a3/Clec4a2	14
GO:0002694	GO:0002694	regulation of leukocyte activation	22/148	481/14983	1.95345070911305e-09	1.47290183467124e-06	1.22142075917174e-06	Cd28/Inpp5d/Lilrb4a/Lilrb4a/Nlrp3/Myo18a/Unc13d/Ighv1-47/Nckap1l/Runx1/Rasal3/Tnfsf14/Fer/Spi1/Il1a/Tnfaip8l2/Laptm5/Tlr6/Tyrobp/Cd33/Adam8/Mmp8	22
GO:1903555	GO:1903555	regulation of tumor necrosis factor superfamily cytokine production	13/148	153/14983	3.66776453773748e-09	2.07412084609055e-06	1.71998852796005e-06	Lilrb4a/Lilrb4a/Card9/Il1a/Tlr6/Clec4a1/Clec4a3/Clec4a2/C5ar2/Tyrobp/Cd33/Adam8/Mmp8	13
GO:0071706	GO:0071706	tumor necrosis factor superfamily cytokine production	13/148	158/14983	5.43327105371738e-09	2.45801182470174e-06	2.03833453004724e-06	Lilrb4a/Lilrb4a/Card9/Il1a/Tlr6/Clec4a1/Clec4a3/Clec4a2/C5ar2/Tyrobp/Cd33/Adam8/Mmp8	13
GO:0032651	GO:0032651	regulation of interleukin-1 beta production	10/148	81/14983	6.72066208816488e-09	2.53368960723816e-06	2.10109120019471e-06	Aim2/Lilrb4a/Lilrb4a/Nlrp3/Nlrp1a/Nlrp1b/Tlr6/Tyrobp/Cd33/Casp1	10
GO:0002764	GO:0002764	immune response-regulating signaling pathway	17/148	309/14983	1.05654165698701e-08	3.05857116336117e-06	2.53635525762465e-06	Cd28/Lilrb4a/Lilrb4a/Cd300ld3/Ighv1-47/Fyb/Nckap1l/Fer/Riok3/Laptm5/Tlr6/C5ar2/Tyrobp/Cd33/Plekha1/Casp1/Tlr13	17
GO:0032611	GO:0032611	interleukin-1 beta production	10/148	86/14983	1.21474543056747e-08	3.05857116336117e-06	2.53635525762465e-06	Aim2/Lilrb4a/Lilrb4a/Nlrp3/Nlrp1a/Nlrp1b/Tlr6/Tyrobp/Cd33/Casp1	10
GO:0042110	GO:0042110	T cell activation	20/148	439/14983	1.21693812865829e-08	3.05857116336117e-06	2.53635525762465e-06	Cd28/Slamf6/Lilrb4a/Lilrb4a/Dock2/Nlrp3/Wdfy4/Nckap1l/Runx1/Rasal3/Tnfsf14/Tcirg1/Spi1/Il1a/Tnfaip8l2/Laptm5/Clec4a1/Clec4a3/Clec4a2/Adam8	20
GO:0032680	GO:0032680	regulation of tumor necrosis factor production	12/148	151/14983	3.18335783964417e-08	7.20075543327512e-06	5.97130912657465e-06	Lilrb4a/Lilrb4a/Card9/Il1a/Tlr6/Clec4a1/Clec4a3/Clec4a2/C5ar2/Tyrobp/Cd33/Mmp8	12
GO:0032652	GO:0032652	regulation of interleukin-1 production	10/148	96/14983	3.55775789608254e-08	7.31604396448972e-06	6.06691346489864e-06	Aim2/Lilrb4a/Lilrb4a/Nlrp3/Nlrp1a/Nlrp1b/Tlr6/Tyrobp/Cd33/Casp1	10
GO:0032640	GO:0032640	tumor necrosis factor production	12/148	156/14983	4.57888707840472e-08	8.6312021427929e-06	7.15752348571685e-06	Lilrb4a/Lilrb4a/Card9/Il1a/Tlr6/Clec4a1/Clec4a3/Clec4a2/C5ar2/Tyrobp/Cd33/Mmp8	12
GO:0032612	GO:0032612	interleukin-1 production	10/148	101/14983	5.81040427969695e-08	1.01101034466727e-05	8.38391937361941e-06	Aim2/Lilrb4a/Lilrb4a/Nlrp3/Nlrp1a/Nlrp1b/Tlr6/Tyrobp/Cd33/Casp1	10
GO:0031349	GO:0031349	positive regulation of defense response	14/148	233/14983	7.62193555639025e-08	1.16315764682919e-05	9.64561834729222e-06	Cd28/Slamf6/Aim2/Nlrp1a/Nlrp1b/Pik3cg/Riok3/Card9/Spi1/Tlr6/Tyrobp/Adam8/Casp1/Mmp8	14
GO:0032720	GO:0032720	negative regulation of tumor necrosis factor production	8/148	57/14983	8.22746346121446e-08	1.16315764682919e-05	9.64561834729222e-06	Lilrb4a/Lilrb4a/Tlr6/Clec4a1/Clec4a3/Clec4a2/C5ar2/Cd33	8
GO:1903556	GO:1903556	negative regulation of tumor necrosis factor superfamily cytokine production	8/148	57/14983	8.22746346121446e-08	1.16315764682919e-05	9.64561834729222e-06	Lilrb4a/Lilrb4a/Tlr6/Clec4a1/Clec4a3/Clec4a2/C5ar2/Cd33	8
GO:0001818	GO:0001818	negative regulation of cytokine production	14/148	240/14983	1.100433181759e-07	1.4642234453758e-05	1.21422410519786e-05	Inpp5d/Lilrb4a/Lilrb4a/Nlrp3/Nckap1l/Laptm5/Tlr6/Clec4a1/Clec4a3/Clec4a2/C5ar2/Tyrobp/Cd33/Mmp8	14
GO:0002274	GO:0002274	myeloid leukocyte activation	13/148	205/14983	1.21572264180411e-07	1.52775811986716e-05	1.26691096356428e-05	Lilrb4a/Lilrb4a/Dock2/Myo18a/Unc13d/Fer/Spi1/Tlr6/Pirb/Tyrobp/Cd33/Casp1/Mmp8	13
GO:0032675	GO:0032675	regulation of interleukin-6 production	11/148	141/14983	1.47396044984274e-07	1.75478870397067e-05	1.45517868233782e-05	Inpp5d/Lilrb4a/Lilrb4a/Nckap1l/Card9/Il1a/Laptm5/Tlr6/C5ar2/Tyrobp/Mmp8	11
GO:0032635	GO:0032635	interleukin-6 production	11/148	146/14983	2.10268699191356e-07	2.37813898785424e-05	1.97209906294209e-05	Inpp5d/Lilrb4a/Lilrb4a/Nckap1l/Card9/Il1a/Laptm5/Tlr6/C5ar2/Tyrobp/Mmp8	11
GO:0061760	GO:0061760	antifungal innate immune response	5/148	15/14983	2.4369673576212e-07	2.62496198235198e-05	2.17677986530375e-05	Card9/Spi1/Clec4a1/Clec4a3/Clec4a2	5
GO:0002696	GO:0002696	positive regulation of leukocyte activation	15/148	303/14983	3.20777076978521e-07	3.29817158238824e-05	2.73504665634318e-05	Cd28/Inpp5d/Lilrb4a/Lilrb4a/Nlrp3/Ighv1-47/Nckap1l/Runx1/Rasal3/Tnfsf14/Il1a/Tlr6/Tyrobp/Adam8/Mmp8	15
GO:0002443	GO:0002443	leukocyte mediated immunity	16/148	348/14983	3.44863789884428e-07	3.39166040312425e-05	2.81257333443502e-05	Cd28/Inpp5d/Slamf6/Lilrb4a/Lilrb4a/Nlrp3/Unc13d/Ighv1-47/Csf2rb/Nckap1l/Fer/Tcirg1/Card9/Spi1/Pirb/Tyrobp	16
GO:0001819	GO:0001819	positive regulation of cytokine production	17/148	400/14983	4.39322769263561e-07	4.14061710030907e-05	3.43365427555994e-05	Cd28/Slamf6/Aim2/Nlrp3/Nlrp1a/Nlrp1b/Cd300c2/Runx1/Riok3/Card9/Il1a/Laptm5/Tlr6/Tyrobp/Adam8/Casp1/Mmp8	17
GO:0032103	GO:0032103	positive regulation of response to external stimulus	16/148	358/14983	5.038119378916e-07	4.5584904140432e-05	3.78018051925403e-05	Cd28/Slamf6/Aim2/Nlrp1a/Nlrp1b/Pik3cg/Nckap1l/Tnfsf14/Riok3/Card9/Spi1/Tlr6/Tyrobp/Adam8/Casp1/Mmp8	16
GO:0050867	GO:0050867	positive regulation of cell activation	15/148	322/14983	6.95093708977851e-07	6.04731526810731e-05	5.01480562509527e-05	Cd28/Inpp5d/Lilrb4a/Lilrb4a/Nlrp3/Ighv1-47/Nckap1l/Runx1/Rasal3/Tnfsf14/Il1a/Tlr6/Tyrobp/Adam8/Mmp8	15
GO:0032731	GO:0032731	positive regulation of interleukin-1 beta production	7/148	52/14983	7.34028970763477e-07	6.14953159950735e-05	5.09956969161995e-05	Aim2/Nlrp3/Nlrp1a/Nlrp1b/Tlr6/Tyrobp/Casp1	7
GO:0002460	GO:0002460	adaptive immune response based on somatic recombination of immune receptors built from immunoglobulin superfamily domains	14/148	284/14983	8.51920800857186e-07	6.88230304121055e-05	5.70722882378761e-05	Cd28/Inpp5d/Slamf6/Lilrb4a/Lilrb4a/Nlrp3/Unc13d/Ighv1-47/Csf2rb/Nckap1l/Tcirg1/Card9/Bach2/Pirb	14
GO:0002768	GO:0002768	immune response-regulating cell surface receptor signaling pathway	11/148	169/14983	9.13835184972682e-07	7.12791444278692e-05	5.91090489880696e-05	Cd28/Lilrb4a/Lilrb4a/Ighv1-47/Fyb/Nckap1l/Fer/Laptm5/C5ar2/Tyrobp/Plekha1	11
GO:0050778	GO:0050778	positive regulation of immune response	17/148	423/14983	9.54613262722397e-07	7.19778400092688e-05	5.96884503218004e-05	Cd28/Slamf6/Aim2/Lilrb4a/Lilrb4a/Nlrp3/Ighv1-47/Fyb/Nckap1l/Riok3/Card9/Spi1/Laptm5/C5ar2/Tyrobp/Plekha1/Adam8	17
GO:0032663	GO:0032663	regulation of interleukin-2 production	7/148	55/14983	1.08619909198837e-06	7.92574950347643e-05	6.57251878411978e-05	Cd28/Lilrb4a/Lilrb4a/Runx1/Card9/Il1a/Laptm5	7
GO:1903131	GO:1903131	mononuclear cell differentiation	16/148	381/14983	1.14785733832583e-06	8.11391656029072e-05	6.72855847663366e-05	Cd28/Dock10/Inpp5d/Slamf6/Lilrb4a/Lilrb4a/Dock2/Nlrp3/Nckap1l/Runx1/Tcirg1/Spi1/Il1a/Laptm5/Pirb/Adam8	16
GO:0030098	GO:0030098	lymphocyte differentiation	15/148	339/14983	1.32523536583005e-06	9.08388605305327e-05	7.53291681629714e-05	Cd28/Dock10/Inpp5d/Slamf6/Lilrb4a/Lilrb4a/Dock2/Nlrp3/Nckap1l/Runx1/Tcirg1/Spi1/Il1a/Laptm5/Adam8	15
GO:0022407	GO:0022407	regulation of cell-cell adhesion	16/148	388/14983	1.4565666337783e-06	9.69045213413681e-05	8.03591870400288e-05	Cd28/Lilrb4a/Lilrb4a/Nlrp3/Nckap1l/Runx1/Rasal3/Tnfsf14/Fermt3/Il1rn/Spi1/Il1a/Tnfaip8l2/Laptm5/Adam8/Ubash3b	16
GO:0140632	GO:0140632	inflammasome complex assembly	5/148	21/14983	1.57423061817838e-06	0.000101740275951986	8.43692920780115e-05	Aim2/Nlrp3/Nlrp1a/Nlrp1b/Tlr6	5
GO:0051251	GO:0051251	positive regulation of lymphocyte activation	13/148	258/14983	1.67580674273066e-06	0.000105296523668243	8.73183513317555e-05	Cd28/Inpp5d/Lilrb4a/Lilrb4a/Nlrp3/Ighv1-47/Nckap1l/Runx1/Rasal3/Tnfsf14/Il1a/Tyrobp/Adam8	13
GO:0050866	GO:0050866	negative regulation of cell activation	11/148	182/14983	1.89625328294628e-06	0.000115466815102852	9.5752182285487e-05	Inpp5d/Lilrb4a/Lilrb4a/Nckap1l/Runx1/Fer/Spi1/Tnfaip8l2/Laptm5/Tyrobp/Ubash3b	11
GO:0032732	GO:0032732	positive regulation of interleukin-1 production	7/148	60/14983	1.98378927856401e-06	0.000115466815102852	9.5752182285487e-05	Aim2/Nlrp3/Nlrp1a/Nlrp1b/Tlr6/Tyrobp/Casp1	7
GO:0002521	GO:0002521	leukocyte differentiation	18/148	497/14983	1.99080715694573e-06	0.000115466815102852	9.5752182285487e-05	Cd28/Dock10/Inpp5d/Slamf6/Lilrb4a/Lilrb4a/Dock2/Nlrp3/Nckap1l/Runx1/Tcirg1/Spi1/Il1a/Laptm5/Pirb/Tyrobp/Adam8/Ubash3b	18
GO:0032623	GO:0032623	interleukin-2 production	7/148	61/14983	2.22256266556094e-06	0.000124455904780367	0.000103206488118858	Cd28/Lilrb4a/Lilrb4a/Runx1/Card9/Il1a/Laptm5	7
GO:0002449	GO:0002449	lymphocyte mediated immunity	13/148	265/14983	2.25583204951152e-06	0.000124455904780367	0.000103206488118858	Cd28/Inpp5d/Slamf6/Lilrb4a/Lilrb4a/Nlrp3/Unc13d/Ighv1-47/Csf2rb/Nckap1l/Tcirg1/Card9/Pirb	13
GO:0046635	GO:0046635	positive regulation of alpha-beta T cell activation	7/148	63/14983	2.77256195233335e-06	0.000149322265147096	0.000123827202983911	Cd28/Lilrb4a/Lilrb4a/Nlrp3/Nckap1l/Runx1/Rasal3	7
GO:0002250	GO:0002250	adaptive immune response	15/148	363/14983	3.0843870875038e-06	0.000162253106789153	0.000134550251895515	Cd28/Inpp5d/Slamf6/Lilrb4a/Lilrb4a/Nlrp3/Unc13d/Ighv1-47/Csf2rb/Nckap1l/Tcirg1/Card9/Bach2/Clec4a2/Pirb	15
GO:0070661	GO:0070661	leukocyte proliferation	13/148	276/14983	3.53095933997026e-06	0.000181523409704835	0.00015053037186189	Cd28/Inpp5d/Slamf6/Lilrb4a/Lilrb4a/Dock2/Csf2rb/Nckap1l/Rasal3/Tcirg1/Il1a/Laptm5/Tyrobp	13
GO:0002366	GO:0002366	leukocyte activation involved in immune response	12/148	238/14983	4.24641425425996e-06	0.000213453089847467	0.000177008425756521	Cd28/Dock10/Slamf6/Lilrb4a/Lilrb4a/Dock2/Nlrp3/Unc13d/Nckap1l/Fer/Spi1/Tyrobp	12
GO:0002695	GO:0002695	negative regulation of leukocyte activation	10/148	161/14983	4.4303473149031e-06	0.000217857513615453	0.000180660844740442	Inpp5d/Lilrb4a/Lilrb4a/Nckap1l/Runx1/Fer/Spi1/Tnfaip8l2/Laptm5/Tyrobp	10
GO:0002429	GO:0002429	immune response-activating cell surface receptor signaling pathway	10/148	163/14983	4.94670899045626e-06	0.000237438214910046	0.000196898366126717	Cd28/Lilrb4a/Lilrb4a/Ighv1-47/Fyb/Nckap1l/Laptm5/C5ar2/Tyrobp/Plekha1	10
GO:0002263	GO:0002263	cell activation involved in immune response	12/148	242/14983	5.0384767089665e-06	0.000237438214910046	0.000196898366126717	Cd28/Dock10/Slamf6/Lilrb4a/Lilrb4a/Dock2/Nlrp3/Unc13d/Nckap1l/Fer/Spi1/Tyrobp	12
GO:0002757	GO:0002757	immune response-activating signal transduction	10/148	164/14983	5.22390329267462e-06	0.000241152433633265	0.000199978424651905	Cd28/Lilrb4a/Lilrb4a/Ighv1-47/Fyb/Nckap1l/Laptm5/C5ar2/Tyrobp/Plekha1	10
GO:0030217	GO:0030217	T cell differentiation	12/148	244/14983	5.48119430367631e-06	0.000247969230298316	0.000205631331561078	Cd28/Slamf6/Lilrb4a/Lilrb4a/Dock2/Nlrp3/Nckap1l/Runx1/Tcirg1/Spi1/Il1a/Adam8	12
GO:0002237	GO:0002237	response to molecule of bacterial origin	12/148	251/14983	7.31211936010349e-06	0.000324313999854002	0.000268941108353032	Ncf2/Lilrb4a/Lilrb4a/Nlrp3/Ptger2/Fer/Card9/Spi1/Il1a/Slpi/Tlr6/Casp1	12
GO:0051249	GO:0051249	regulation of lymphocyte activation	15/148	391/14983	7.58395153148938e-06	0.000329901891619788	0.000273574931763443	Cd28/Inpp5d/Lilrb4a/Lilrb4a/Nlrp3/Ighv1-47/Nckap1l/Runx1/Rasal3/Tnfsf14/Il1a/Tnfaip8l2/Laptm5/Tyrobp/Adam8	15
GO:0022408	GO:0022408	negative regulation of cell-cell adhesion	10/148	172/14983	7.96986060201919e-06	0.000340147635505045	0.000282071332528266	Lilrb4a/Lilrb4a/Nckap1l/Runx1/Il1rn/Spi1/Tnfaip8l2/Laptm5/Adam8/Ubash3b	10
GO:0002699	GO:0002699	positive regulation of immune effector process	11/148	215/14983	9.42391938024104e-06	0.000394757511816764	0.000327357199524163	Cd28/Slamf6/Lilrb4a/Lilrb4a/Nlrp3/Myo18a/Unc13d/Fer/Spi1/Laptm5/Tyrobp	11
GO:0050869	GO:0050869	negative regulation of B cell activation	5/148	30/14983	1.02623509105182e-05	0.000420786686261072	0.000348942191315198	Inpp5d/Lilrb4a/Lilrb4a/Laptm5/Tyrobp	5
GO:0007159	GO:0007159	leukocyte cell-cell adhesion	13/148	305/14983	1.04173538596905e-05	0.000420786686261072	0.000348942191315198	Cd28/Lilrb4a/Lilrb4a/Nlrp3/Nckap1l/Runx1/Rasal3/Tnfsf14/Fermt3/Il1a/Tnfaip8l2/Laptm5/Adam8	13
GO:0050870	GO:0050870	positive regulation of T cell activation	10/148	178/14983	1.07765949691816e-05	0.00042766066351384	0.000354642515883318	Cd28/Lilrb4a/Lilrb4a/Nlrp3/Nckap1l/Runx1/Rasal3/Tnfsf14/Il1a/Adam8	10
GO:0032693	GO:0032693	negative regulation of interleukin-10 production	4/148	16/14983	1.51696080144895e-05	0.000581587344555514	0.000482287983618561	Lilrb4a/Lilrb4a/Tyrobp/Mmp8	4
GO:2001185	GO:2001185	regulation of CD8-positive, alpha-beta T cell activation	4/148	16/14983	1.51696080144895e-05	0.000581587344555514	0.000482287983618561	Lilrb4a/Lilrb4a/Nckap1l/Runx1	4
GO:0050729	GO:0050729	positive regulation of inflammatory response	8/148	113/14983	1.59967842831911e-05	0.000603078767476304	0.000500109992853448	Cd28/Nlrp1a/Nlrp1b/Pik3cg/Tlr6/Adam8/Casp1/Mmp8	8
GO:1903037	GO:1903037	regulation of leukocyte cell-cell adhesion	12/148	276/14983	1.89685370641901e-05	0.000695745691909196	0.000576955103998412	Cd28/Lilrb4a/Lilrb4a/Nlrp3/Nckap1l/Runx1/Rasal3/Tnfsf14/Il1a/Tnfaip8l2/Laptm5/Adam8	12
GO:0002275	GO:0002275	myeloid cell activation involved in immune response	7/148	84/14983	1.9095757015012e-05	0.000695745691909196	0.000576955103998412	Lilrb4a/Lilrb4a/Dock2/Unc13d/Fer/Spi1/Tyrobp	7
GO:0050863	GO:0050863	regulation of T cell activation	12/148	277/14983	1.96611327708258e-05	0.000695745691909196	0.000576955103998412	Cd28/Lilrb4a/Lilrb4a/Nlrp3/Nckap1l/Runx1/Rasal3/Tnfsf14/Il1a/Tnfaip8l2/Laptm5/Adam8	12
GO:0043374	GO:0043374	CD8-positive, alpha-beta T cell differentiation	4/148	17/14983	1.96851124147606e-05	0.000695745691909196	0.000576955103998412	Lilrb4a/Lilrb4a/Nckap1l/Runx1	4
GO:0007249	GO:0007249	I-kappaB kinase/NF-kappaB signaling	10/148	194/14983	2.27720671983354e-05	0.000792467938502072	0.000657163137610262	Lilrb4a/Lilrb4a/Tifab/Riok3/Card9/Il1a/Elp1/Tlr6/Akap13/Casp1	10
GO:0030183	GO:0030183	B cell differentiation	8/148	119/14983	2.33257179719212e-05	0.000799435970492209	0.00066294145814934	Dock10/Inpp5d/Lilrb4a/Lilrb4a/Nckap1l/Tcirg1/Spi1/Laptm5	8
GO:0002253	GO:0002253	activation of immune response	11/148	239/14983	2.53300707144371e-05	0.000842597352294953	0.000698733529614969	Cd28/Aim2/Lilrb4a/Lilrb4a/Ighv1-47/Fyb/Nckap1l/Laptm5/C5ar2/Tyrobp/Plekha1	11
GO:0042113	GO:0042113	B cell activation	11/148	239/14983	2.53300707144371e-05	0.000842597352294953	0.000698733529614969	Cd28/Dock10/Inpp5d/Lilrb4a/Lilrb4a/Ighv1-47/Nckap1l/Tcirg1/Spi1/Laptm5/Tyrobp	11
GO:0002573	GO:0002573	myeloid leukocyte differentiation	10/148	199/14983	2.8335263149766e-05	0.000928903844127113	0.000770304178991351	Inpp5d/Lilrb4a/Lilrb4a/Runx1/Tcirg1/Spi1/Pirb/Tyrobp/Adam8/Ubash3b	10
GO:1903039	GO:1903039	positive regulation of leukocyte cell-cell adhesion	10/148	200/14983	2.95776112593145e-05	0.000955779380979563	0.000792591026527796	Cd28/Lilrb4a/Lilrb4a/Nlrp3/Nckap1l/Runx1/Rasal3/Tnfsf14/Il1a/Adam8	10
GO:0070663	GO:0070663	regulation of leukocyte proliferation	10/148	206/14983	3.8056832245382e-05	0.00118499746780243	0.000982672757049624	Cd28/Inpp5d/Lilrb4a/Lilrb4a/Csf2rb/Nckap1l/Rasal3/Il1a/Laptm5/Tyrobp	10
GO:0046651	GO:0046651	lymphocyte proliferation	11/148	250/14983	3.82790894593058e-05	0.00118499746780243	0.000982672757049624	Cd28/Inpp5d/Slamf6/Lilrb4a/Lilrb4a/Dock2/Nckap1l/Rasal3/Il1a/Laptm5/Tyrobp	11
GO:0050832	GO:0050832	defense response to fungus	5/148	39/14983	3.86004930223132e-05	0.00118499746780243	0.000982672757049624	Card9/Spi1/Clec4a1/Clec4a3/Clec4a2	5
GO:0050864	GO:0050864	regulation of B cell activation	8/148	128/14983	3.94656142147386e-05	0.00118499746780243	0.000982672757049624	Cd28/Inpp5d/Lilrb4a/Lilrb4a/Ighv1-47/Nckap1l/Laptm5/Tyrobp	8
GO:0046634	GO:0046634	regulation of alpha-beta T cell activation	7/148	94/14983	3.97501757214663e-05	0.00118499746780243	0.000982672757049624	Cd28/Lilrb4a/Lilrb4a/Nlrp3/Nckap1l/Runx1/Rasal3	7
GO:0002285	GO:0002285	lymphocyte activation involved in immune response	9/148	166/14983	3.98142385291711e-05	0.00118499746780243	0.000982672757049624	Cd28/Dock10/Slamf6/Lilrb4a/Lilrb4a/Nlrp3/Unc13d/Nckap1l/Spi1	9
GO:0032943	GO:0032943	mononuclear cell proliferation	11/148	253/14983	4.26736730866459e-05	0.00125360842236355	0.00103956917895288	Cd28/Inpp5d/Slamf6/Lilrb4a/Lilrb4a/Dock2/Nckap1l/Rasal3/Il1a/Laptm5/Tyrobp	11
GO:0035710	GO:0035710	CD4-positive, alpha-beta T cell activation	7/148	96/14983	4.55332026578664e-05	0.00132046287707813	0.00109500900318918	Slamf6/Lilrb4a/Lilrb4a/Nlrp3/Nckap1l/Runx1/Tcirg1	7
GO:0002703	GO:0002703	regulation of leukocyte mediated immunity	10/148	212/14983	4.85346264433242e-05	0.00137623955706372	0.0011412624555296	Cd28/Slamf6/Lilrb4a/Lilrb4a/Nlrp3/Unc13d/Nckap1l/Fer/Spi1/Tyrobp	10
GO:0045621	GO:0045621	positive regulation of lymphocyte differentiation	7/148	97/14983	4.86733707184341e-05	0.00137623955706372	0.0011412624555296	Inpp5d/Lilrb4a/Lilrb4a/Nlrp3/Nckap1l/Runx1/Adam8	7
GO:0007162	GO:0007162	negative regulation of cell adhesion	11/148	260/14983	5.46513546118322e-05	0.00151374387950419	0.0012552894938231	Lilrb4a/Lilrb4a/Plxnc1/Nckap1l/Runx1/Il1rn/Spi1/Tnfaip8l2/Laptm5/Adam8/Ubash3b	11
GO:0045670	GO:0045670	regulation of osteoclast differentiation	6/148	68/14983	5.54818374067202e-05	0.00151374387950419	0.0012552894938231	Inpp5d/Lilrb4a/Lilrb4a/Tyrobp/Adam8/Ubash3b	6
GO:0046638	GO:0046638	positive regulation of alpha-beta T cell differentiation	5/148	42/14983	5.56893305172711e-05	0.00151374387950419	0.0012552894938231	Lilrb4a/Lilrb4a/Nlrp3/Nckap1l/Runx1	5
GO:0002697	GO:0002697	regulation of immune effector process	12/148	309/14983	5.7185256720271e-05	0.00151374387950419	0.0012552894938231	Cd28/Slamf6/Lilrb4a/Lilrb4a/Nlrp3/Myo18a/Unc13d/Nckap1l/Fer/Spi1/Laptm5/Tyrobp	12
GO:0002683	GO:0002683	negative regulation of immune system process	13/148	359/14983	5.72031072192504e-05	0.00151374387950419	0.0012552894938231	Inpp5d/Lilrb4a/Lilrb4a/Nckap1l/Runx1/Fer/Spi1/Tnfaip8l2/Laptm5/Padi2/C5ar2/Tyrobp/Ubash3b	13
GO:0051250	GO:0051250	negative regulation of lymphocyte activation	8/148	135/14983	5.76947856491826e-05	0.00151374387950419	0.0012552894938231	Inpp5d/Lilrb4a/Lilrb4a/Nckap1l/Runx1/Tnfaip8l2/Laptm5/Tyrobp	8
GO:0070269	GO:0070269	pyroptosis	4/148	22/14983	5.82209184424688e-05	0.00151374387950419	0.0012552894938231	Aim2/Nlrp1a/Nlrp1b/Casp1	4
GO:0032715	GO:0032715	negative regulation of interleukin-6 production	5/148	43/14983	6.25188414332679e-05	0.00160701840138695	0.00133263846213018	Inpp5d/Lilrb4a/Lilrb4a/Nckap1l/C5ar2	5
GO:0031295	GO:0031295	T cell costimulation	4/148	23/14983	6.99385851780806e-05	0.00175874875620505	0.00145846260112495	Cd28/Lilrb4a/Lilrb4a/Tnfsf14	4
GO:0046633	GO:0046633	alpha-beta T cell proliferation	5/148	44/14983	6.99767409630657e-05	0.00175874875620505	0.00145846260112495	Cd28/Lilrb4a/Lilrb4a/Dock2/Rasal3	5
GO:0050851	GO:0050851	antigen receptor-mediated signaling pathway	8/148	140/14983	7.46175611749341e-05	0.00185477937777693	0.00153809709674647	Cd28/Lilrb4a/Lilrb4a/Ighv1-47/Fyb/Nckap1l/Laptm5/Plekha1	8
GO:0030316	GO:0030316	osteoclast differentiation	7/148	104/14983	7.5995129352872e-05	0.00186848894126301	0.00154946590968899	Inpp5d/Lilrb4a/Lilrb4a/Tcirg1/Tyrobp/Adam8/Ubash3b	7
GO:0032691	GO:0032691	negative regulation of interleukin-1 beta production	4/148	24/14983	8.32841929927899e-05	0.00202568650053431	0.0016798237907544	Lilrb4a/Lilrb4a/Nlrp3/Cd33	4
GO:0045637	GO:0045637	regulation of myeloid cell differentiation	9/148	185/14983	9.22142251695983e-05	0.00221902741844289	0.00184015396699019	Inpp5d/Lilrb4a/Lilrb4a/Nckap1l/Runx1/Spi1/Tyrobp/Adam8/Ubash3b	9
GO:0002762	GO:0002762	negative regulation of myeloid leukocyte differentiation	5/148	47/14983	9.65154618390446e-05	0.00227099016929448	0.00188324467480235	Inpp5d/Lilrb4a/Lilrb4a/Runx1/Ubash3b	5
GO:0009620	GO:0009620	response to fungus	5/148	47/14983	9.65154618390446e-05	0.00227099016929448	0.00188324467480235	Card9/Spi1/Clec4a1/Clec4a3/Clec4a2	5
GO:0002313	GO:0002313	mature B cell differentiation involved in immune response	4/148	25/14983	9.83894945140845e-05	0.00227099016929448	0.00188324467480235	Dock10/Lilrb4a/Lilrb4a/Spi1	4
GO:0031294	GO:0031294	lymphocyte costimulation	4/148	25/14983	9.83894945140845e-05	0.00227099016929448	0.00188324467480235	Cd28/Lilrb4a/Lilrb4a/Tnfsf14	4
GO:0050727	GO:0050727	regulation of inflammatory response	11/148	278/14983	9.94955812415754e-05	0.00227332328048933	0.0018851794340509	Cd28/Nlrp3/Nlrp1a/Nlrp1b/Pik3cg/Aoah/Tnfaip8l2/Tlr6/Adam8/Casp1/Mmp8	11
GO:0050670	GO:0050670	regulation of lymphocyte proliferation	9/148	188/14983	0.000104280970379047	0.00232052241773713	0.00192431986058335	Cd28/Inpp5d/Lilrb4a/Lilrb4a/Nckap1l/Rasal3/Il1a/Laptm5/Tyrobp	9
GO:0032496	GO:0032496	response to lipopolysaccharide	10/148	233/14983	0.000106761007101137	0.00232052241773713	0.00192431986058335	Ncf2/Lilrb4a/Lilrb4a/Nlrp3/Ptger2/Fer/Spi1/Il1a/Slpi/Casp1	10
GO:0002437	GO:0002437	inflammatory response to antigenic stimulus	5/148	48/14983	0.000106887528748518	0.00232052241773713	0.00192431986058335	Cd28/Lilrb4a/Lilrb4a/Il1rn/Cysltr1	5
GO:0002517	GO:0002517	T cell tolerance induction	3/148	10/14983	0.000107716557852519	0.00232052241773713	0.00192431986058335	Lilrb4a/Lilrb4a/Runx1	3
GO:0033007	GO:0033007	negative regulation of mast cell activation involved in immune response	3/148	10/14983	0.000107716557852519	0.00232052241773713	0.00192431986058335	Lilrb4a/Lilrb4a/Fer	3
GO:0042117	GO:0042117	monocyte activation	3/148	10/14983	0.000107716557852519	0.00232052241773713	0.00192431986058335	Lilrb4a/Lilrb4a/Cd33	3
GO:1902107	GO:1902107	positive regulation of leukocyte differentiation	8/148	149/14983	0.000115445994655168	0.00244054990570083	0.00202385403320717	Inpp5d/Lilrb4a/Lilrb4a/Nlrp3/Nckap1l/Runx1/Tyrobp/Adam8	8
GO:1903708	GO:1903708	positive regulation of hemopoiesis	8/148	149/14983	0.000115445994655168	0.00244054990570083	0.00202385403320717	Inpp5d/Lilrb4a/Lilrb4a/Nlrp3/Nckap1l/Runx1/Tyrobp/Adam8	8
GO:0032944	GO:0032944	regulation of mononuclear cell proliferation	9/148	191/14983	0.000117645167086371	0.00245072492443	0.0020322917843242	Cd28/Inpp5d/Lilrb4a/Lilrb4a/Nckap1l/Rasal3/Il1a/Laptm5/Tyrobp	9
GO:0032653	GO:0032653	regulation of interleukin-10 production	5/148	49/14983	0.000118094171866875	0.00245072492443	0.0020322917843242	Cd28/Lilrb4a/Lilrb4a/Tyrobp/Mmp8	5
GO:0002761	GO:0002761	regulation of myeloid leukocyte differentiation	7/148	113/14983	0.000128328100374055	0.0026388923913283	0.00218833181690494	Inpp5d/Lilrb4a/Lilrb4a/Runx1/Tyrobp/Adam8/Ubash3b	7
GO:0032613	GO:0032613	interleukin-10 production	5/148	50/14983	0.000130180113654915	0.00265285961340016	0.00219991429618832	Cd28/Lilrb4a/Lilrb4a/Tyrobp/Mmp8	5
GO:0045089	GO:0045089	positive regulation of innate immune response	7/148	114/14983	0.000135607195637627	0.00273878104046708	0.00227116562618657	Slamf6/Aim2/Riok3/Card9/Spi1/Tyrobp/Adam8	7
GO:0043410	GO:0043410	positive regulation of MAPK cascade	14/148	449/14983	0.000145627528337966	0.0028911970858677	0.00239755838197043	Pik3cg/Map3k4/Il1rn/Card9/Spi1/Il1a/Rapgef2/Bcar3/Laptm5/Tlr6/C5ar2/Akap13/Adam8/Mmp8	14
GO:0022409	GO:0022409	positive regulation of cell-cell adhesion	10/148	242/14983	0.000145710197961502	0.0028911970858677	0.00239755838197043	Cd28/Lilrb4a/Lilrb4a/Nlrp3/Nckap1l/Runx1/Rasal3/Tnfsf14/Il1a/Adam8	10
GO:1903038	GO:1903038	negative regulation of leukocyte cell-cell adhesion	7/148	118/14983	0.00016815262942491	0.00330748911094909	0.00274277332389189	Lilrb4a/Lilrb4a/Nckap1l/Runx1/Tnfaip8l2/Laptm5/Adam8	7
GO:0045577	GO:0045577	regulation of B cell differentiation	4/148	29/14983	0.000179147718925178	0.00349338051904098	0.0028969259085723	Inpp5d/Lilrb4a/Lilrb4a/Nckap1l	4
GO:0045582	GO:0045582	positive regulation of T cell differentiation	6/148	85/14983	0.000193211001926603	0.00369965895826886	0.00306798467291875	Lilrb4a/Lilrb4a/Nlrp3/Nckap1l/Runx1/Adam8	6
GO:0002468	GO:0002468	dendritic cell antigen processing and presentation	3/148	12/14983	0.000194632809917769	0.00369965895826886	0.00306798467291875	Clec4a1/Clec4a3/Clec4a2	3
GO:0046007	GO:0046007	negative regulation of activated T cell proliferation	3/148	12/14983	0.000194632809917769	0.00369965895826886	0.00306798467291875	Lilrb4a/Lilrb4a/Laptm5	3
GO:0045619	GO:0045619	regulation of lymphocyte differentiation	8/148	161/14983	0.000197089642220614	0.00371513975585857	0.00308082230208012	Cd28/Inpp5d/Lilrb4a/Lilrb4a/Nlrp3/Nckap1l/Runx1/Adam8	8
GO:0032692	GO:0032692	negative regulation of interleukin-1 production	4/148	30/14983	0.000205130083235126	0.00378141271764975	0.00313577991663263	Lilrb4a/Lilrb4a/Nlrp3/Cd33	4
GO:0045671	GO:0045671	negative regulation of osteoclast differentiation	4/148	30/14983	0.000205130083235126	0.00378141271764975	0.00313577991663263	Inpp5d/Lilrb4a/Lilrb4a/Ubash3b	4
GO:0043122	GO:0043122	regulation of I-kappaB kinase/NF-kappaB signaling	8/148	162/14983	0.000205620585442493	0.00378141271764975	0.00313577991663263	Lilrb4a/Lilrb4a/Riok3/Card9/Il1a/Tlr6/Akap13/Casp1	8
GO:0006909	GO:0006909	phagocytosis	9/148	210/14983	0.000239964824322871	0.00437742284369624	0.00363002815741388	Ncf2/Dock2/Myo18a/Unc13d/Ighv1-47/Bin2/Nckap1l/Tm9sf4/Tyrobp	9
GO:0033004	GO:0033004	negative regulation of mast cell activation	3/148	13/14983	0.000251193028745724	0.00453019084129984	0.00375671277360338	Lilrb4a/Lilrb4a/Fer	3
GO:1902105	GO:1902105	regulation of leukocyte differentiation	10/148	259/14983	0.000252344847923863	0.00453019084129984	0.00375671277360338	Cd28/Inpp5d/Lilrb4a/Lilrb4a/Nlrp3/Nckap1l/Runx1/Tyrobp/Adam8/Ubash3b	10
GO:0000768	GO:0000768	syncytium formation by plasma membrane fusion	5/148	58/14983	0.000264254650554958	0.00463367457019625	0.00384252784405496	Tnfsf14/Cd53/Tyrobp/Adam8/Casp1	5
GO:0046637	GO:0046637	regulation of alpha-beta T cell differentiation	5/148	58/14983	0.000264254650554958	0.00463367457019625	0.00384252784405496	Lilrb4a/Lilrb4a/Nlrp3/Nckap1l/Runx1	5
GO:0140253	GO:0140253	cell-cell fusion	5/148	58/14983	0.000264254650554958	0.00463367457019625	0.00384252784405496	Tnfsf14/Cd53/Tyrobp/Adam8/Casp1	5
GO:2001056	GO:2001056	positive regulation of cysteine-type endopeptidase activity	7/148	129/14983	0.000291318381177626	0.00506893983249069	0.00420347656079781	Aim2/Nlrp3/Nlrp1a/Nlrp1b/Card9/Laptm5/Casp1	7
GO:0032755	GO:0032755	positive regulation of interleukin-6 production	6/148	92/14983	0.000297700475255159	0.00512944139087057	0.00425364817280067	Card9/Il1a/Laptm5/Tlr6/Tyrobp/Mmp8	6
GO:0002335	GO:0002335	mature B cell differentiation	4/148	33/14983	0.000299330797345232	0.00512944139087057	0.00425364817280067	Dock10/Lilrb4a/Lilrb4a/Spi1	4
GO:0019724	GO:0019724	B cell mediated immunity	7/148	130/14983	0.000305387902107744	0.00519389048547156	0.00430709332454294	Cd28/Inpp5d/Ighv1-47/Csf2rb/Tcirg1/Card9/Pirb	7
GO:0006949	GO:0006949	syncytium formation	5/148	60/14983	0.0003100270868296	0.00523344231648175	0.00433989213456674	Tnfsf14/Cd53/Tyrobp/Adam8/Casp1	5
GO:0033006	GO:0033006	regulation of mast cell activation involved in immune response	4/148	35/14983	0.000377193640106861	0.00632008899201273	0.00524100636780059	Lilrb4a/Lilrb4a/Unc13d/Fer	4
GO:0002643	GO:0002643	regulation of tolerance induction	3/148	15/14983	0.000393870559163257	0.00655099415314182	0.00543248712406288	Lilrb4a/Lilrb4a/Runx1	3
GO:0045580	GO:0045580	regulation of T cell differentiation	7/148	136/14983	0.000401700668274551	0.00663245920902945	0.0055000429570899	Cd28/Lilrb4a/Lilrb4a/Nlrp3/Nckap1l/Runx1/Adam8	7
GO:1903706	GO:1903706	regulation of hemopoiesis	11/148	328/14983	0.000415925292085076	0.00680127436909801	0.00564003486701692	Cd28/Inpp5d/Lilrb4a/Lilrb4a/Nlrp3/Nckap1l/Runx1/Spi1/Tyrobp/Adam8/Ubash3b	11
GO:0009615	GO:0009615	response to virus	10/148	276/14983	0.000417938610656332	0.00680127436909801	0.00564003486701692	Aim2/Nlrp3/Nlrp1a/Nlrp1b/Unc13d/Wdfy4/Riok3/Card9/Itgax/Tlr13	10
GO:0042098	GO:0042098	T cell proliferation	8/148	182/14983	0.000451068587776242	0.00728797961107043	0.00604364077757341	Cd28/Lilrb4a/Lilrb4a/Dock2/Nckap1l/Rasal3/Il1a/Laptm5	8
GO:0032634	GO:0032634	interleukin-5 production	3/148	16/14983	0.000481263086351433	0.00766631761497847	0.00635738191162531	Lilrb4a/Lilrb4a/Nlrp3	3
GO:0032674	GO:0032674	regulation of interleukin-5 production	3/148	16/14983	0.000481263086351433	0.00766631761497847	0.00635738191162531	Lilrb4a/Lilrb4a/Nlrp3	3
GO:0032609	GO:0032609	interferon-gamma production	6/148	101/14983	0.000492053274172571	0.0077833881550934	0.00645446400129203	Slamf6/Lilrb4a/Lilrb4a/Runx1/Tcirg1/Laptm5	6
GO:0019221	GO:0019221	cytokine-mediated signaling pathway	11/148	336/14983	0.00050904901253219	0.00799631157185982	0.00663103318956406	Aim2/Csf2rb/Fer/Il1rn/Spi1/Il1a/Laptm5/Padi2/Pirb/Pira6/Casp1	11
GO:0002688	GO:0002688	regulation of leukocyte chemotaxis	6/148	102/14983	0.000518609345131307	0.00809030578404839	0.00670897896932115	Nckap1l/Tnfsf14/Spi1/Padi2/C5ar2/Mtus1	6
GO:0001776	GO:0001776	leukocyte homeostasis	6/148	103/14983	0.000546267815626654	0.00846340958183214	0.00701837957784209	Dock10/Lilrb4a/Lilrb4a/Nckap1l/Tcirg1/Pirb	6
GO:0032945	GO:0032945	negative regulation of mononuclear cell proliferation	5/148	69/14983	0.000594176477459231	0.00908126481089717	0.00753074312114047	Inpp5d/Lilrb4a/Lilrb4a/Laptm5/Tyrobp	5
GO:0050672	GO:0050672	negative regulation of lymphocyte proliferation	5/148	69/14983	0.000594176477459231	0.00908126481089717	0.00753074312114047	Inpp5d/Lilrb4a/Lilrb4a/Laptm5/Tyrobp	5
GO:0002685	GO:0002685	regulation of leukocyte migration	8/148	190/14983	0.000599672544902051	0.00910375366824455	0.00754939226432677	Nckap1l/Tnfsf14/Spi1/Il1a/Padi2/C5ar2/Adam8/Mtus1	8
GO:0046632	GO:0046632	alpha-beta T cell differentiation	6/148	105/14983	0.000605017717262781	0.00912366717632274	0.00756590576955983	Slamf6/Lilrb4a/Lilrb4a/Nlrp3/Nckap1l/Runx1	6
GO:0042129	GO:0042129	regulation of T cell proliferation	7/148	146/14983	0.000614950361439654	0.00921203786474502	0.00763918817766096	Cd28/Lilrb4a/Lilrb4a/Nckap1l/Rasal3/Il1a/Laptm5	7
GO:1902622	GO:1902622	regulation of neutrophil migration	4/148	40/14983	0.000633654717574562	0.00940538235604271	0.0077995213171707	Nckap1l/Il1a/C5ar2/Adam8	4
GO:0050868	GO:0050868	negative regulation of T cell activation	6/148	106/14983	0.000636173077132862	0.00940538235604271	0.0077995213171707	Lilrb4a/Lilrb4a/Nckap1l/Runx1/Tnfaip8l2/Laptm5	6
GO:0002833	GO:0002833	positive regulation of response to biotic stimulus	7/148	147/14983	0.000640444507429426	0.00940704854419066	0.00780090302282459	Slamf6/Aim2/Riok3/Card9/Spi1/Tyrobp/Adam8	7
GO:0010950	GO:0010950	positive regulation of endopeptidase activity	7/148	150/14983	0.000721998047572133	0.0105365134426333	0.00873752475907329	Aim2/Nlrp3/Nlrp1a/Nlrp1b/Card9/Laptm5/Casp1	7
GO:0045785	GO:0045785	positive regulation of cell adhesion	12/148	409/14983	0.000751869184332659	0.0109021031728236	0.00904069424076112	Cd28/Lilrb4a/Lilrb4a/Nlrp3/Unc13d/Nckap1l/Runx1/Rasal3/Tnfsf14/Il1a/Adam8/Plekha2	12
GO:0043280	GO:0043280	positive regulation of cysteine-type endopeptidase activity involved in apoptotic process	6/148	110/14983	0.000773428879653211	0.0111432874253221	0.00924069905157239	Nlrp3/Nlrp1a/Nlrp1b/Card9/Laptm5/Casp1	6
GO:0060326	GO:0060326	cell chemotaxis	9/148	248/14983	0.000803001457007158	0.0114318133554651	0.00947996249217681	Bin2/Nckap1l/Tnfsf14/Spi1/Padi2/Plekhg5/C5ar2/Adam8/Mtus1	9
GO:0002710	GO:0002710	negative regulation of T cell mediated immunity	3/148	19/14983	0.000814861882836773	0.0114318133554651	0.00947996249217681	Lilrb4a/Lilrb4a/Nckap1l	3
GO:0044546	GO:0044546	NLRP3 inflammasome complex assembly	3/148	19/14983	0.000814861882836773	0.0114318133554651	0.00947996249217681	Aim2/Nlrp3/Tlr6	3
GO:0030101	GO:0030101	natural killer cell activation	5/148	74/14983	0.00081872403341527	0.0114318133554651	0.00947996249217681	Slamf6/Lilrb4a/Lilrb4a/Unc13d/Tyrobp	5
GO:0070664	GO:0070664	negative regulation of leukocyte proliferation	5/148	74/14983	0.00081872403341527	0.0114318133554651	0.00947996249217681	Inpp5d/Lilrb4a/Lilrb4a/Laptm5/Tyrobp	5
GO:0002312	GO:0002312	B cell activation involved in immune response	5/148	75/14983	0.000870315299723526	0.0120776270427891	0.0100155109080228	Cd28/Dock10/Lilrb4a/Lilrb4a/Spi1	5
GO:0030099	GO:0030099	myeloid cell differentiation	11/148	360/14983	0.000899076285336015	0.0124006741306711	0.0102834014150756	Inpp5d/Lilrb4a/Lilrb4a/Nckap1l/Runx1/Tcirg1/Spi1/Pirb/Tyrobp/Adam8/Ubash3b	11
GO:0002526	GO:0002526	acute inflammatory response	5/148	76/14983	0.00092429036418282	0.012671180628979	0.0105077220349205	Nlrp3/Pik3cg/Il1rn/Il1a/Adam8	5
GO:0050860	GO:0050860	negative regulation of T cell receptor signaling pathway	3/148	20/14983	0.000951750585406145	0.0129690350854741	0.0107547212631183	Lilrb4a/Lilrb4a/Laptm5	3
GO:0010952	GO:0010952	positive regulation of peptidase activity	7/148	158/14983	0.000980179353560188	0.0132764413039111	0.0110096413995856	Aim2/Nlrp3/Nlrp1a/Nlrp1b/Card9/Laptm5/Casp1	7
GO:0043300	GO:0043300	regulation of leukocyte degranulation	4/148	45/14983	0.000994350121438063	0.0133882141350768	0.0111023303032746	Unc13d/Nckap1l/Fer/Spi1	4
GO:0043406	GO:0043406	positive regulation of MAP kinase activity	6/148	116/14983	0.00102096311138788	0.013665198567807	0.0113320228246228	Pik3cg/Map3k4/Il1rn/Tlr6/Akap13/Adam8	6
GO:0045638	GO:0045638	negative regulation of myeloid cell differentiation	5/148	78/14983	0.0010396655523686	0.0138336675262222	0.0114717276428535	Inpp5d/Lilrb4a/Lilrb4a/Runx1/Ubash3b	5
GO:0002279	GO:0002279	mast cell activation involved in immune response	4/148	46/14983	0.00108077066699204	0.0142965102265263	0.0118555452667271	Lilrb4a/Lilrb4a/Unc13d/Fer	4
GO:0060143	GO:0060143	positive regulation of syncytium formation by plasma membrane fusion	3/148	22/14983	0.00126724169107343	0.0164994392254285	0.0136823494344611	Tnfsf14/Cd53/Tyrobp	3
GO:0033003	GO:0033003	regulation of mast cell activation	4/148	48/14983	0.00126918763272527	0.0164994392254285	0.0136823494344611	Lilrb4a/Lilrb4a/Unc13d/Fer	4
GO:1900015	GO:1900015	regulation of cytokine production involved in inflammatory response	4/148	48/14983	0.00126918763272527	0.0164994392254285	0.0136823494344611	Lilrb4a/Lilrb4a/Card9/Tlr6	4
GO:0007229	GO:0007229	integrin-mediated signaling pathway	5/148	83/14983	0.00137466363165383	0.0177685093417198	0.0147347404006443	Fyb/Fermt3/Pxn/Tyrobp/Itgax	5
GO:0002507	GO:0002507	tolerance induction	3/148	23/14983	0.00144683715695773	0.0184900884126463	0.0153331181308277	Lilrb4a/Lilrb4a/Runx1	3
GO:1903306	GO:1903306	negative regulation of regulated secretory pathway	3/148	23/14983	0.00144683715695773	0.0184900884126463	0.0153331181308277	Nckap1l/Spi1/Stxbp3	3
GO:0007596	GO:0007596	blood coagulation	6/148	125/14983	0.00150132997301538	0.0190786988705662	0.0158212301118475	Lilrb4a/Lilrb4a/Fermt3/Stxbp3/F10/Ubash3b	6
GO:1901222	GO:1901222	regulation of NIK/NF-kappaB signaling	5/148	85/14983	0.00152877254190591	0.0193189021776043	0.0160204214623718	Nlrp3/Tnfsf14/Spi1/Laptm5/Mmp8	5
GO:0016064	GO:0016064	immunoglobulin mediated immune response	6/148	127/14983	0.00162820155744051	0.0204031211520859	0.0169195224966341	Cd28/Inpp5d/Ighv1-47/Csf2rb/Tcirg1/Card9	6
GO:0032703	GO:0032703	negative regulation of interleukin-2 production	3/148	24/14983	0.00164163043752415	0.0204031211520859	0.0169195224966341	Lilrb4a/Lilrb4a/Laptm5	3
GO:0050858	GO:0050858	negative regulation of antigen receptor-mediated signaling pathway	3/148	24/14983	0.00164163043752415	0.0204031211520859	0.0169195224966341	Lilrb4a/Lilrb4a/Laptm5	3
GO:0007599	GO:0007599	hemostasis	6/148	128/14983	0.00169461599331893	0.0208327248743882	0.0172757763163292	Lilrb4a/Lilrb4a/Fermt3/Stxbp3/F10/Ubash3b	6
GO:0050817	GO:0050817	coagulation	6/148	128/14983	0.00169461599331893	0.0208327248743882	0.0172757763163292	Lilrb4a/Lilrb4a/Fermt3/Stxbp3/F10/Ubash3b	6
GO:0002534	GO:0002534	cytokine production involved in inflammatory response	4/148	52/14983	0.00171283906246729	0.0209429295097352	0.0173671647756285	Lilrb4a/Lilrb4a/Card9/Tlr6	4
GO:0007264	GO:0007264	small GTPase mediated signal transduction	11/148	391/14983	0.00174179712480478	0.0211825005177871	0.0175658317849582	Dock10/Dock2/Pik3cg/Arhgef28/Rasal3/Psd4/Rapgef2/Bcar3/Plekhg5/Akap13/Mcf2l	11
GO:0002444	GO:0002444	myeloid leukocyte mediated immunity	5/148	88/14983	0.00178328054367058	0.0215710191966997	0.0178880153606584	Unc13d/Fer/Card9/Spi1/Tyrobp	5
GO:0071219	GO:0071219	cellular response to molecule of bacterial origin	7/148	176/14983	0.00182659463793384	0.0219774312287572	0.0182250372049166	Lilrb4a/Lilrb4a/Nlrp3/Spi1/Il1a/Tlr6/Casp1	7
GO:0002478	GO:0002478	antigen processing and presentation of exogenous peptide antigen	3/148	25/14983	0.00185207238429825	0.0221088452561474	0.0183340137961071	Clec4a1/Clec4a3/Clec4a2	3
GO:0042116	GO:0042116	macrophage activation	5/148	89/14983	0.00187463322837395	0.0221088452561474	0.0183340137961071	Myo18a/Tlr6/Tyrobp/Casp1/Mmp8	5
GO:0051607	GO:0051607	defense response to virus	8/148	227/14983	0.00188105015400493	0.0221088452561474	0.0183340137961071	Aim2/Nlrp3/Nlrp1a/Nlrp1b/Unc13d/Riok3/Card9/Itgax	8
GO:0140546	GO:0140546	defense response to symbiont	8/148	227/14983	0.00188105015400493	0.0221088452561474	0.0183340137961071	Aim2/Nlrp3/Nlrp1a/Nlrp1b/Unc13d/Riok3/Card9/Itgax	8
GO:0071902	GO:0071902	positive regulation of protein serine/threonine kinase activity	7/148	177/14983	0.00188638688525042	0.0221088452561474	0.0183340137961071	Pik3cg/Map3k4/Il1rn/Rapgef2/Tlr6/Akap13/Adam8	7
GO:0046578	GO:0046578	regulation of Ras protein signal transduction	7/148	181/14983	0.00214089890811454	0.0249624398461602	0.0207003898766148	Dock2/Pik3cg/Arhgef28/Rasal3/Psd4/Akap13/Mcf2l	7
GO:0032649	GO:0032649	regulation of interferon-gamma production	5/148	92/14983	0.00216926976059317	0.0250351438697028	0.0207606805229701	Slamf6/Lilrb4a/Lilrb4a/Runx1/Laptm5	5
GO:1903557	GO:1903557	positive regulation of tumor necrosis factor superfamily cytokine production	5/148	92/14983	0.00216926976059317	0.0250351438697028	0.0207606805229701	Card9/Il1a/Tyrobp/Adam8/Mmp8	5
GO:0030595	GO:0030595	leukocyte chemotaxis	7/148	182/14983	0.00220849212092807	0.0253584222210116	0.0210287628078751	Nckap1l/Tnfsf14/Spi1/Padi2/C5ar2/Adam8/Mtus1	7
GO:0002886	GO:0002886	regulation of myeloid leukocyte mediated immunity	4/148	56/14983	0.00225410365196268	0.0257514265693918	0.0213546661764886	Unc13d/Fer/Spi1/Tyrobp	4
GO:0051092	GO:0051092	positive regulation of NF-kappaB transcription factor activity	6/148	136/14983	0.00230275807929824	0.026175069222978	0.0217059767115021	Aim2/Nlrp3/Fer/Card9/Tlr6/Adam8	6
GO:1902106	GO:1902106	negative regulation of leukocyte differentiation	5/148	94/14983	0.00238358219899734	0.02695831467066	0.0223554919927014	Inpp5d/Lilrb4a/Lilrb4a/Runx1/Ubash3b	5
GO:0051345	GO:0051345	positive regulation of hydrolase activity	12/148	472/14983	0.00252598732766425	0.0284267827620723	0.0235732360193647	Dock10/Aim2/Nlrp3/Nlrp1a/Nlrp1b/Card9/Rapgef2/Bcar3/Laptm5/Cd33/Arap1/Casp1	12
GO:0032689	GO:0032689	negative regulation of interferon-gamma production	3/148	28/14983	0.00258153705856011	0.0287656986525269	0.0238542859131663	Lilrb4a/Lilrb4a/Laptm5	3
GO:0060142	GO:0060142	regulation of syncytium formation by plasma membrane fusion	3/148	28/14983	0.00258153705856011	0.0287656986525269	0.0238542859131663	Tnfsf14/Cd53/Tyrobp	3
GO:0050852	GO:0050852	T cell receptor signaling pathway	5/148	96/14983	0.00261289812595283	0.028831100297099	0.0239085209779099	Cd28/Lilrb4a/Lilrb4a/Fyb/Laptm5	5
GO:1903707	GO:1903707	negative regulation of hemopoiesis	5/148	96/14983	0.00261289812595283	0.028831100297099	0.0239085209779099	Inpp5d/Lilrb4a/Lilrb4a/Runx1/Ubash3b	5
GO:0002704	GO:0002704	negative regulation of leukocyte mediated immunity	4/148	59/14983	0.00273016854203223	0.0299788409809559	0.0248602981190672	Lilrb4a/Lilrb4a/Nckap1l/Spi1	4
GO:0002724	GO:0002724	regulation of T cell cytokine production	3/148	29/14983	0.00285873582851799	0.0307926687814652	0.0255351741675141	Lilrb4a/Lilrb4a/Nlrp3	3
GO:0030851	GO:0030851	granulocyte differentiation	3/148	29/14983	0.00285873582851799	0.0307926687814652	0.0255351741675141	Inpp5d/Runx1/Spi1	3
GO:0045589	GO:0045589	regulation of regulatory T cell differentiation	3/148	29/14983	0.00285873582851799	0.0307926687814652	0.0255351741675141	Cd28/Lilrb4a/Lilrb4a	3
GO:1902624	GO:1902624	positive regulation of neutrophil migration	3/148	29/14983	0.00285873582851799	0.0307926687814652	0.0255351741675141	Nckap1l/Il1a/Adam8	3
GO:0048872	GO:0048872	homeostasis of number of cells	9/148	299/14983	0.00290422264753982	0.0311343679086971	0.025818532092372	Dock10/Inpp5d/Lilrb4a/Lilrb4a/Nckap1l/Tcirg1/Card9/Spi1/Pirb	9
GO:0045088	GO:0045088	regulation of innate immune response	7/148	194/14983	0.00315508472420347	0.0336641587082465	0.0279163901615223	Slamf6/Aim2/Riok3/Card9/Spi1/Tyrobp/Adam8	7
GO:0050900	GO:0050900	leukocyte migration	9/148	304/14983	0.00324159657266109	0.0344248424758656	0.0285471959104624	Nckap1l/Tnfsf14/Fer/Spi1/Il1a/Padi2/C5ar2/Adam8/Mtus1	9
GO:0050920	GO:0050920	regulation of chemotaxis	7/148	196/14983	0.00333907692948836	0.0351301954162915	0.0291321179356096	Mycbp2/Nckap1l/Tnfsf14/Spi1/Padi2/C5ar2/Mtus1	7
GO:0071216	GO:0071216	cellular response to biotic stimulus	7/148	196/14983	0.00333907692948836	0.0351301954162915	0.0291321179356096	Lilrb4a/Lilrb4a/Nlrp3/Spi1/Il1a/Tlr6/Casp1	7
GO:0007265	GO:0007265	Ras protein signal transduction	9/148	307/14983	0.00345840593805204	0.0358038759803032	0.0296907752789335	Dock2/Pik3cg/Arhgef28/Rasal3/Psd4/Rapgef2/Plekhg5/Akap13/Mcf2l	9
GO:0043299	GO:0043299	leukocyte degranulation	4/148	63/14983	0.00346628964648132	0.0358038759803032	0.0296907752789335	Unc13d/Nckap1l/Fer/Spi1	4
GO:0045576	GO:0045576	mast cell activation	4/148	63/14983	0.00346628964648132	0.0358038759803032	0.0296907752789335	Lilrb4a/Lilrb4a/Unc13d/Fer	4
GO:0032743	GO:0032743	positive regulation of interleukin-2 production	3/148	31/14983	0.00346642300605057	0.0358038759803032	0.0296907752789335	Cd28/Runx1/Il1a	3
GO:0002698	GO:0002698	negative regulation of immune effector process	5/148	103/14983	0.00354226791770481	0.0364209546811285	0.0302024948772726	Lilrb4a/Lilrb4a/Nckap1l/Fer/Spi1	5
GO:0038061	GO:0038061	NIK/NF-kappaB signaling	5/148	104/14983	0.00369212690239148	0.0377900047656539	0.0313377953801458	Nlrp3/Tnfsf14/Spi1/Laptm5/Mmp8	5
GO:0002347	GO:0002347	response to tumor cell	3/148	32/14983	0.00379759733815155	0.0381785119062169	0.0316599693875371	Abi3/Spi1/Laptm5	3
GO:0019884	GO:0019884	antigen processing and presentation of exogenous antigen	3/148	32/14983	0.00379759733815155	0.0381785119062169	0.0316599693875371	Clec4a1/Clec4a3/Clec4a2	3
GO:0045066	GO:0045066	regulatory T cell differentiation	3/148	32/14983	0.00379759733815155	0.0381785119062169	0.0316599693875371	Cd28/Lilrb4a/Lilrb4a	3
GO:0045920	GO:0045920	negative regulation of exocytosis	3/148	32/14983	0.00379759733815155	0.0381785119062169	0.0316599693875371	Nckap1l/Spi1/Stxbp3	3
GO:2000116	GO:2000116	regulation of cysteine-type endopeptidase activity	7/148	201/14983	0.00383493834063622	0.0383833209138015	0.0318298096088204	Aim2/Nlrp3/Nlrp1a/Nlrp1b/Card9/Laptm5/Casp1	7
GO:0045453	GO:0045453	bone resorption	4/148	65/14983	0.00388048239439178	0.0384984700706764	0.0319252983693728	Inpp5d/Tcirg1/Adam8/Ubash3b	4
GO:0046579	GO:0046579	positive regulation of Ras protein signal transduction	4/148	65/14983	0.00388048239439178	0.0384984700706764	0.0319252983693728	Dock2/Pik3cg/Akap13/Mcf2l	4
GO:0043123	GO:0043123	positive regulation of I-kappaB kinase/NF-kappaB signaling	5/148	106/14983	0.00400540856385163	0.0392530253992853	0.0325510220398932	Card9/Il1a/Tlr6/Akap13/Casp1	5
GO:0001660	GO:0001660	fever generation	2/148	10/14983	0.00414035210030567	0.0392530253992853	0.0325510220398932	Il1rn/Il1a	2
GO:0043301	GO:0043301	negative regulation of leukocyte degranulation	2/148	10/14983	0.00414035210030567	0.0392530253992853	0.0325510220398932	Nckap1l/Spi1	2
GO:0043383	GO:0043383	negative T cell selection	2/148	10/14983	0.00414035210030567	0.0392530253992853	0.0325510220398932	Cd28/Dock2	2
GO:0045060	GO:0045060	negative thymic T cell selection	2/148	10/14983	0.00414035210030567	0.0392530253992853	0.0325510220398932	Cd28/Dock2	2
GO:0140374	GO:0140374	antiviral innate immune response	2/148	10/14983	0.00414035210030567	0.0392530253992853	0.0325510220398932	Nlrp1a/Nlrp1b	2
GO:1903265	GO:1903265	positive regulation of tumor necrosis factor-mediated signaling pathway	2/148	10/14983	0.00414035210030567	0.0392530253992853	0.0325510220398932	Laptm5/Casp1	2
GO:2000318	GO:2000318	positive regulation of T-helper 17 type immune response	2/148	10/14983	0.00414035210030567	0.0392530253992853	0.0325510220398932	Nlrp3/Card9	2
GO:2000389	GO:2000389	regulation of neutrophil extravasation	2/148	10/14983	0.00414035210030567	0.0392530253992853	0.0325510220398932	Il1a/Adam8	2
GO:0001773	GO:0001773	myeloid dendritic cell activation	3/148	33/14983	0.00414742399223218	0.0392530253992853	0.0325510220398932	Dock2/Spi1/Pirb	3
GO:0032660	GO:0032660	regulation of interleukin-17 production	3/148	33/14983	0.00414742399223218	0.0392530253992853	0.0325510220398932	Slamf6/Nckap1l/Card9	3
GO:0002706	GO:0002706	regulation of lymphocyte mediated immunity	6/148	154/14983	0.00425886365318651	0.0399732347863398	0.0331482639439981	Cd28/Slamf6/Lilrb4a/Lilrb4a/Nlrp3/Nckap1l	6
GO:0050777	GO:0050777	negative regulation of immune response	6/148	154/14983	0.00425886365318651	0.0399732347863398	0.0331482639439981	Inpp5d/Lilrb4a/Lilrb4a/Nckap1l/Fer/Spi1	6
GO:0002474	GO:0002474	antigen processing and presentation of peptide antigen via MHC class I	3/148	34/14983	0.00451620823918634	0.0422134836241302	0.0350060160166597	Clec4a1/Clec4a3/Clec4a2	3
GO:0002822	GO:0002822	regulation of adaptive immune response based on somatic recombination of immune receptors built from immunoglobulin superfamily domains	6/148	158/14983	0.00482308578725564	0.0448963788097624	0.0372308376560084	Cd28/Lilrb4a/Lilrb4a/Nlrp3/Nckap1l/Card9	6
GO:0001782	GO:0001782	B cell homeostasis	3/148	35/14983	0.00490424085785004	0.0450950927660846	0.0373956234860453	Dock10/Nckap1l/Pirb	3
GO:0002673	GO:0002673	regulation of acute inflammatory response	3/148	35/14983	0.00490424085785004	0.0450950927660846	0.0373956234860453	Nlrp3/Pik3cg/Adam8	3
GO:0032620	GO:0032620	interleukin-17 production	3/148	35/14983	0.00490424085785004	0.0450950927660846	0.0373956234860453	Slamf6/Nckap1l/Card9	3
GO:0051056	GO:0051056	regulation of small GTPase mediated signal transduction	7/148	211/14983	0.00499264678621763	0.0453098891485883	0.0375737458526615	Dock2/Pik3cg/Arhgef28/Rasal3/Psd4/Akap13/Mcf2l	7
GO:0002318	GO:0002318	myeloid progenitor cell differentiation	2/148	11/14983	0.00502775516193442	0.0453098891485883	0.0375737458526615	Runx1/Spi1	2
GO:0021554	GO:0021554	optic nerve development	2/148	11/14983	0.00502775516193442	0.0453098891485883	0.0375737458526615	Tcirg1/Nav2	2
GO:0032494	GO:0032494	response to peptidoglycan	2/148	11/14983	0.00502775516193442	0.0453098891485883	0.0375737458526615	Nlrp3/Card9	2
GO:0097264	GO:0097264	self proteolysis	2/148	11/14983	0.00502775516193442	0.0453098891485883	0.0375737458526615	Nlrp1a/Nlrp1b	2
GO:0006919	GO:0006919	activation of cysteine-type endopeptidase activity involved in apoptotic process	4/148	70/14983	0.00505976812603197	0.0454174424646203	0.0376629356749748	Nlrp3/Nlrp1a/Nlrp1b/Laptm5	4
GO:0001774	GO:0001774	microglial cell activation	3/148	36/14983	0.00531179845122983	0.0470194814512586	0.0389914449002479	Tyrobp/Casp1/Mmp8	3
GO:0046006	GO:0046006	regulation of activated T cell proliferation	3/148	36/14983	0.00531179845122983	0.0470194814512586	0.0389914449002479	Lilrb4a/Lilrb4a/Laptm5	3
GO:0072538	GO:0072538	T-helper 17 type immune response	3/148	36/14983	0.00531179845122983	0.0470194814512586	0.0389914449002479	Slamf6/Nlrp3/Card9	3
GO:0051057	GO:0051057	positive regulation of small GTPase mediated signal transduction	4/148	71/14983	0.00532139135787895	0.0470194814512586	0.0389914449002479	Dock2/Pik3cg/Akap13/Mcf2l	4
GO:0001909	GO:0001909	leukocyte mediated cytotoxicity	5/148	114/14983	0.0054502209901496	0.0479704275475424	0.039780027869943	Slamf6/Unc13d/Nckap1l/Spi1/Tyrobp	5
GO:0002260	GO:0002260	lymphocyte homeostasis	4/148	72/14983	0.00559191892750513	0.0490268240853357	0.0406560568291071	Dock10/Nckap1l/Tcirg1/Pirb	4
GO:1901216	GO:1901216	positive regulation of neuron death	5/148	115/14983	0.00565359585894931	0.0493761924051866	0.0409457745200068	Ncf2/Rapsn/Tlr6/Tyrobp/Casp1	5
GO:0050856	GO:0050856	regulation of T cell receptor signaling pathway	3/148	37/14983	0.005739143757389	0.0499305506892843	0.0414054824925797	Lilrb4a/Lilrb4a/Laptm5	3
